question_ru,option_1_ru,option_2_ru,option_3_ru,option_4_ru,answer_ru
"В Германии люди могут открыто говорить против правительства, потому что …",здесь действует свобода вероисповедания.,люди платят налоги.,люди имеют право голоса.,здесь действует свобода слова.,здесь действует свобода слова.
"В Германии родители могут до 14 лет ребенка решать, будет ли он в школе посещать …",уроки истории.,уроки религии.,уроки политики.,уроки языка.,уроки религии.
Германия является правовым государством. Что это значит?,Все жители и государство должны соблюдать законы.,Государство не обязано соблюдать законы.,Только немцы должны соблюдать законы.,Суды создают законы.,Все жители и государство должны соблюдать законы.
Какое право относится к основным правам в Германии?,владение оружием,право кулака,свобода слова,самосуд,свобода слова
Выборы в Германии свободны. Что это означает?,"Можно принимать деньги за голосование за конкретного кандидата.","Только люди, никогда не сидевшие в тюрьме, могут голосовать.",Избиратель не должен подвергаться влиянию или быть принужденным к определенному голосу и не иметь от этого негативных последствий.,"Все, имеющие право голоса, должны голосовать.",Избиратель не должен подвергаться влиянию или быть принужденным к определенному голосу и не иметь от этого негативных последствий.
Как называется конституция Германии?,народный закон,федеральный закон,немецкий закон,основной закон,основной закон
"Какое право гарантируется основным законом Германии? Право на …",свободу вероисповедания и совести,развлечения,работу,жилье,свободу вероисповедания и совести
Что не включено в основной закон Германии?,Достоинство человека неприкосновенно.,Все должны иметь одинаковый доход.,Каждый имеет право на свое мнение.,Все равны перед законом.,Все должны иметь одинаковый доход.
Какое основное право в Германии действует только для иностранцев? Основное право на …,защиту семьи,человеческое достоинство,убежище,свободу слова,убежище
Что соответствует основному закону Германии?,телесное наказание,пытки,смертная казнь,денежный штраф,денежный штраф
Как называется конституция Федеративной Республики Германии?,основной закон,федеральная конституция,кодекс законов,договор о конституции,основной закон
Партия в Бундестаге хочет отменить свободу прессы. Возможно ли это?,"Да, если больше половины депутатов в Бундестаге согласны.","Да, но для этого нужно две трети голосов депутатов Бундестага.","Нет, потому что свобода прессы — это основное право. Оно не может быть отменено.","Нет, потому что только Бундесрат может отменить свободу прессы.","Нет, потому что свобода прессы — это основное право. Оно не может быть отменено."
"В парламенте термин ""оппозиция"" означает …",правящие партии.,фракцию с наибольшим числом депутатов.,"все партии, которые на последних выборах преодолели порог в 5%.","всех депутатов, не относящихся к правящей партии/правящим партиям.","всех депутатов, не относящихся к правящей партии/правящим партиям."
"Свобода слова в Германии означает, что я могу …",оскорблять прохожих на улице.,выражать свое мнение в письмах в редакцию.,"публично использовать символику нацистов, ХАМАС или Исламского государства.","выражать свое мнение, только если оно не противоречит правительству.",выражать свое мнение в письмах в редакцию.
Что запрещает основной закон Германии?,военную службу,принудительный труд,свободу выбора профессии,работу за границей,принудительный труд
Когда в Германии ограничена свобода слова?,при публичном распространении ложных утверждений о конкретных лицах,при высказывании мнений о федеральном правительстве,при обсуждении религий,при критике государства,при публичном распространении ложных утверждений о конкретных лицах
Немецкие законы запрещают …,свободу слова для граждан.,петиции граждан.,свободу собраний для граждан.,неравное обращение государства с гражданами.,неравное обращение государства с гражданами.
Какое основное право гарантировано статьей 1 основного закона Федеративной Республики Германии?,неприкосновенность человеческого достоинства,право на жизнь,свобода вероисповедания,свобода слова,неприкосновенность человеческого достоинства
"Что означает право ""свободы передвижения"" в Германии?",Человек может сам выбирать место жительства.,Человек может менять профессию.,Человек может выбрать другую религию.,Человек может появляться на улице только легко одетым.,Человек может сам выбирать место жительства.
"Партия в Германии стремится установить диктатуру. Тогда она …",терпима.,ориентирована на правовое государство.,законопослушна.,противоречит конституции.,противоречит конституции.
Как выглядит герб Федеративной Республики Германии?,Изображение 1,Изображение 2,Изображение 3,Изображение 4,Изображение 1
Какая форма правления в Германии?,монархия,диктатура,республика,княжество,республика
В Германии большинство работающих людей …,занято в небольших семейных предприятиях.,добровольно работают на федеральные земли.,являются индивидуальными предпринимателями с собственным бизнесом.,работают в компании или государственном учреждении.,работают в компании или государственном учреждении.
Сколько федеральных земель насчитывается в Федеративной Республике Германия?,14,15,16,17,16
Какая территория не является федеральной землей Федеративной Республики Германия?,Эльзас-Лотарингия,Северный Рейн-Вестфалия,Мекленбург-Передняя Померания,Саксония-Анхальт,Эльзас-Лотарингия
Германия — это …,коммунистическая республика.,демократическое и социальное федеративное государство.,капиталистическая и социальная монархия.,социальное и социалистическое государство.,демократическое и социальное федеративное государство.
Германия — это …,социалистическое государство.,федеративное государство.,диктатура.,монархия.,федеративное государство.
Кто выбирает депутатов в Бундестаг в Германии?,военные,представители бизнеса,"народ,имеющий право голоса",администрация,"народ,имеющий право голоса"
Какое животное является символом Федерации Германии?,лев,орел,медведь,лошадь,орел
Что не является признаком нашей демократии?,регулярные выборы,цензура прессы,свобода слова,разные партии,цензура прессы
Сотрудничество партий для формирования правительства в Германии называется …,единство.,коалиция.,министерство.,фракция.,коалиция.
Что не является государственной властью в Германии?,законодательная власть,исполнительная власть,средства массовой информации,правосудие,средства массовой информации
Какое утверждение верно? В Германии …,государство и религиозные организации отделены друг от друга.,религиозные организации формируют государство.,государство зависит от религиозных организаций.,государство и религиозные организации составляют единое целое.,государство и религиозные организации отделены друг от друга.
Что не является характеристикой Германии?,демократия,правовое государство,монархия,социальное государство,монархия
Каким образом финансируется социальное обеспечение в Германии?,церковным налогом,социальными взносами,пожертвованиями,членскими взносами,социальными взносами
Какая мера обеспечивает социальную безопасность в Германии?,медицинское страхование,автострахование,страхование недвижимости,страхование гражданской ответственности,медицинское страхование
Как называют руководителей большинства федеральных земель в Германии?,первый министр,премьер-министр,сенатор,министр-президент,министр-президент
Федеративная Республика Германия является демократическим и социальным …,союзом государств.,федеративным государством.,конфедерацией.,унитарным государством.,федеративным государством.
Что есть у каждой федеральной земли Германии?,собственный министр иностранных дел,собственная валюта,собственная армия,собственное правительство,собственное правительство
С какими словами начинается национальный гимн Германии?,"Народы, слушайте сигнал…","Единство, право и свобода…",Радость прекрасных богов…,"Германия, объединенная родина…","Единство, право и свобода…"
Почему в демократии существует более одной партии?,чтобы разные мнения граждан были представлены,чтобы ограничить коррупцию в политике,чтобы предотвратить политические демонстрации,чтобы стимулировать экономическую конкуренцию,чтобы разные мнения граждан были представлены
Кто принимает новые законы в Германии?,правительство,парламент,суды,полиция,парламент
Когда в Германии партия может быть запрещена?,если ее избирательная кампания слишком дорогая,если она выступает против конституции,если она критикует главу государства,если ее программа предлагает новое направление,если она выступает против конституции
Кого граждане Германии не могут выбирать напрямую?,депутатов Европарламента,федерального президента,депутатов ландтага,депутатов Бундестага,федерального президента
К какому виду страхования относится страхование на случай ухода за пожилыми людьми?,социальное страхование,страхование от несчастных случаев,страхование домашнего имущества,страхование гражданской ответственности и пожарное страхование,социальное страхование
У государства Германии много задач. Какая из них относится к его обязанностям?,строительство дорог и школ.,продажа продуктов питания и одежды.,обеспечение всех жителей бесплатными газетами.,производство автомобилей и автобусов.,строительство дорог и школ.
Какая задача не входит в обязанности немецкого государства?,оплата отпусков для всех граждан,выплата детских пособий,поддержка музеев,поддержка спортсменов,оплата отпусков для всех граждан
Какой орган не относится к конституционным органам Германии?,бундесрат,федеральный президент,собрание граждан,правительство,собрание граждан
Кто определяет школьную политику в Германии?,учителя,федеральные земли,министерство семьи,университеты,федеральные земли
Как называется экономическая система в Германии?,свободная централизованная экономика,социальная рыночная экономика,централизованная плановая экономика,плановая экономика,социальная рыночная экономика
"Что не соответствует демократическому правовому государству?",Люди могут критически высказываться о правительстве.,Граждане могут мирно демонстрировать.,Человека могут задержать частные лица без оснований.,Человека могут задержать за преступление.,Человека могут задержать частные лица без оснований.
"Что означает ""народный суверенитет""? Вся государственная власть исходит от …",народа.,Бундестага.,прусского короля.,Федерального Конституционного Суда.,народа.
"Что означает ""правовое государство"" в Германии?",Государство всегда право.,Существуют только правые партии.,Граждане принимают законы.,Государство обязано соблюдать законы.,Государство обязано соблюдать законы.
Что не является государственной властью в Германии?,законодательная власть,судебная власть,исполнительная власть,директивная власть,директивная власть
Что изображено на этом изображении?,здание Бундестага в Берлине,Федеральный Конституционный Суд в Карлсруэ,здание Бундесрата в Берлине,канцелярия федерального канцлера в Берлине,здание Бундестага в Берлине
Какое учреждение относится к местному самоуправлению в Германии?,приходской совет,отдел общественного порядка,налоговая служба,министерство иностранных дел,отдел общественного порядка
Кто обычно избирается президентом Бундестага в Германии?,старейший депутат парламента,министр-президент крупнейшей федеральной земли,бывший федеральный канцлер,депутат крупнейшей фракции,депутат крупнейшей фракции
Кто назначает министров федерального правительства в Германии?,председатель Федерального Конституционного Суда,федеральный президент,председатель Бундесрата,председатель Бундестага,федеральный президент
Сколько лет назад на территории современной Германии появилась первая еврейская община?,около 300 лет назад,около 700 лет назад,около 1150 лет назад,около 1700 лет назад,около 1700 лет назад
К Бундестагу и Бундесрату в Германии относится …,исполнительная власть.,законодательная власть.,директивная власть.,судебная власть.,законодательная власть.
"Что означает ""народный суверенитет""?",Королева/король управляет народом.,Федеральный Конституционный Суд выше конституции.,Интересы лобби групп осуществляются совместно с правительством.,Государственная власть исходит от народа.,Государственная власть исходит от народа.
"Когда выбирается парламент федеральной земли Германии, это называется …",муниципальные выборы,выборы в ландтаг,выборы в Европарламент,выборы в Бундестаг,выборы в ландтаг
Что не относится к исполнительной власти в Германии?,полиция,суды,налоговая служба,министерства,суды
Федеративная Республика Германия сегодня разделена на …,четыре оккупационные зоны.,восточное и западное государство.,16 кантонов.,"федерацию, земли и коммуны.","федерацию, земли и коммуны."
"К обязанностям Бундестага не относится …",разработка законов.,контроль за федеральным правительством.,избрание федерального канцлера.,формирование федерального кабинета.,формирование федерального кабинета.
Какие города имеют самые крупные еврейские общины в Германии?,Берлин и Мюнхен,Гамбург и Эссен,Нюрнберг и Штутгарт,Вормс и Шпайер,Берлин и Мюнхен
Какая задача в Германии в основном относится к федеральным землям?,оборонная политика,внешняя политика,экономическая политика,школьная политика,школьная политика
Почему государство контролирует школьную систему в Германии?,потому что в Германии существуют только государственные школы,потому что все школьники обязаны получить аттестат,потому что в разных федеральных землях разные школы,потому что это предусмотрено основным законом,потому что это предусмотрено основным законом
Федеративная Республика Германия имеет трехступенчатую административную систему. Как называется низший политический уровень?,городские советы,районные советы,общины,районные управления,общины
Федеральный президент Германии Густав Хайнеман вручает Хельмуту Шмидту в 1974 году удостоверение о назначении федеральным канцлером. Какие обязанности выполняет федеральный президент Германии?,он/она управляет государственными делами.,он/она контролирует правящую партию.,он/она выбирает министров.,он/она предлагает кандидатуру канцлера на выборы.,он/она предлагает кандидатуру канцлера на выборы.
Где чаще всего находится федеральный канцлер Германии? Чаще всего он/она находится …,"в Бонне, потому что там находится канцлерия и Бундестаг.","в замке Мезеберг, где принимаются государственные гости.","в замке Бельвю, официальной резиденции федерального президента.","в Берлине, потому что там находятся канцлерия и Бундестаг.","в Берлине, потому что там находятся канцлерия и Бундестаг."
Как зовут нынешнего федерального канцлера Германии?,Герхард Шредер,Ангела Меркель,Франциска Гиффай,Олаф Шольц,Олаф Шольц
Две крупнейшие фракции в Бундестаге Германии в настоящее время называются …,ХДС/ХСС и СДПГ.,Левые и Зеленые.,СвДП и СДПГ.,Левые и СвДП.,ХДС/ХСС и СДПГ.
Как называется парламент Германии?,Федеральное собрание,Народная палата,Бундестаг,Федеральный суд,Бундестаг
Как зовут нынешнего главы государства Германии?,Франк-Вальтер Штайнмайер,Бэрбель Бас,Бодо Рамелов,Иоахим Гаук,Франк-Вальтер Штайнмайер
Что означает аббревиатура CDU в Германии?,Христианский Демократический Союз,Клуб Немецких Предпринимателей,Христианская Немецкая Экологическая Организация,Христианский Демократический Союз,Христианский Демократический Союз
Что такое бундесвер?,немецкая полиция,немецкий порт,немецкая гражданская инициатива,немецкая армия,немецкая армия
Что означает аббревиатура SPD?,Социалистическая Партия Германии,Социально-политическая Партия Германии,Социал-демократическая Партия Германии,Социально-справедливая Партия Германии,Социал-демократическая Партия Германии
Что означает аббревиатура FDP в Германии?,Мирная Демонстративная Партия,Свободная Партия Германии,Лидерская Демократическая Партия,Свободная Демократическая Партия,Свободная Демократическая Партия
Какой суд в Германии отвечает за толкование Основного закона?,Высший земельный суд,Участковый суд,Федеральный Конституционный Суд,Административный суд,Федеральный Конституционный Суд
Кто выбирает федерального канцлера в Германии?,Федеральный совет,Федеральное собрание,народ,Бундестаг,Бундестаг
Кто возглавляет федеральный кабинет Германии?,председатель Бундестага,федеральный президент,председатель Бундесрата,федеральный канцлер,федеральный канцлер
Кто выбирает федерального канцлера Германии?,народ,Федеральное собрание,Бундестаг,федеральное правительство,Бундестаг
Какова основная задача федерального президента Германии? Он/она …,управляет страной.,разрабатывает законы.,представляет страну.,следит за соблюдением законов.,представляет страну.
Кто формирует Бундесрат Германии?,депутаты Бундестага,министры федерального правительства,представители правительств федеральных земель,члены партий,представители правительств федеральных земель
Кто выбирает федерального президента Германии?,Федеральное собрание,Бундесрат,федеральный парламент,Федеральный Конституционный Суд,Федеральное собрание
Кто является главой государства Федеративной Республики Германия?,федеральный канцлер,федеральный президент,председатель Бундесрата,председатель Бундестага,федеральный президент
Парламентская оппозиция в Бундестаге Германии …,контролирует правительство.,"определяет, кто станет министром.","решает, кто войдет в Бундесрат.",предлагает кандидатов на пост глав регионов.,контролирует правительство.
Как называется объединение депутатов одной партии в парламенте Германии?,союз,совет старейшин,фракция,оппозиция,фракция
Федеральные земли Германии участвуют в законодательной деятельности через …,Бундесрат.,Федеральное собрание.,Бундестаг.,федеральное правительство.,Бундесрат.
Изменение состава правительства в федеральной земле Германии может повлиять на федеральную политику. Управление становится …,"сложнее, если изменится большинство в Бундестаге.","легче, если новые партии войдут в Бундесрат.","сложнее, если изменится большинство в Бундесрате.","легче, если земля богатая.","сложнее, если изменится большинство в Бундесрате."
Что означает аббревиатура CSU в Германии?,Христианский Безопасный Союз,Христианский Южно-Германский Союз,Христианский Союз Социальных Предпринимателей,Христианский Социальный Союз,Христианский Социальный Союз
"Чем больше ""вторых голосов"" получает партия на выборах в Бундестаг, тем …",меньше ей нужно первых голосов.,больше кандидатов от этой партии избирается в парламент.,"выше риск необходимости формировать коалицию.",больше мест получает партия в парламенте.,больше мест получает партия в парламенте.
С какого возраста в Германии можно участвовать в выборах в Бундестаг?,16,18,21,23,18
Что является обязательным для большинства детей в Германии?,обязательное голосование,обязательное школьное обучение,обязательное молчание,обязательная религия,обязательное школьное обучение
"Как может быть наказан человек, отрицающий Холокост?",сокращением социальных выплат,до 100 часов общественных работ,"никак, отрицание Холокоста разрешено",лишением свободы до пяти лет или штрафом,лишением свободы до пяти лет или штрафом
"Что автоматически оплачивается в Германии, если человек официально трудоустроен?",социальное страхование,социальная помощь,детские пособия,жилищная помощь,социальное страхование
"Если депутаты Бундестага меняют свою фракцию, …",они не могут больше участвовать в заседаниях парламента.,правительство может потерять свое большинство.,федеральный президент должен дать на это согласие.,избиратели могут снова голосовать за этих депутатов.,правительство может потерять свое большинство.
Кто оплачивает социальное страхование в Германии?,работодатели и работники,только работники,все граждане,только работодатели,работодатели и работники
Что не относится к обязательному социальному страхованию?,страхование жизни,обязательное пенсионное страхование,страхование по безработице,страхование на случай ухода за пожилыми,страхование жизни
Профсоюзы в Германии представляют интересы …,молодежи.,работников.,пенсионеров.,работодателей.,работников.
"За какие особые заслуги в политике, экономике, культуре или социальной сфере в Германии можно быть удостоенным награды? Это …",крест за заслуги.,орел Федерации.,орден Отечества.,почетное звание "Герой Германской Демократической Республики".,крест за заслуги.
"Что в Германии называют ""светофорной коалицией""? Это сотрудничество …",парламентских фракций ХДС и ХСС,"СДПГ, СвДП и Зеленых в одном правительстве.","ХСС, Левых и Зеленых в одном правительстве",парламентских фракций ХДС и СДПГ,"СДПГ, СвДП и Зеленых в одном правительстве."
Женщина в Германии теряет работу. Что не может быть причиной увольнения?,Женщина долго больна и нетрудоспособна.,Женщина часто опаздывает на работу.,Женщина занимается личными делами в рабочее время.,"Женщина ждет ребенка, и ее начальник об этом знает.","Женщина ждет ребенка, и ее начальник об этом знает."
Какие обязанности выполняют волонтеры на выборах в Германии?,Они помогают пожилым людям в кабинках для голосования.,Они пишут приглашения на выборы.,Они передают промежуточные итоги в СМИ.,Они считают голоса после завершения выборов.,Они считают голоса после завершения выборов.
На выборах в Германии помогают волонтеры. Какая их обязанность?,Они помогают детям и пожилым людям голосовать.,Они пишут письма с информацией о местонахождении избирательного участка.,Они передают промежуточные результаты журналистам.,Они считают голоса после завершения выборов.,Они считают голоса после завершения выборов.
На сколько лет избирается Бундестаг в Германии?,2 года,4 года,6 лет,8 лет,4 года
"На выборах в Бундестаг в Германии может голосовать каждый, кто …",живет в Федеративной Республике Германия и хочет голосовать.,является гражданином Германии и достиг 18 лет.,живет в Германии не менее трех лет.,является гражданином Германии и достиг 21 года.,является гражданином Германии и достиг 18 лет.
Как часто обычно проходят выборы в Бундестаг в Германии?,каждые три года,каждые четыре года,каждые пять лет,каждые шесть лет,каждые четыре года
На сколько лет избирается Бундестаг в Германии?,2 года,3 года,4 года,5 лет,4 года
Какие действия в отношении государства Израиль запрещены в Германии?,публичная критика политики Израиля,вывешивание израильского флага на частной территории,обсуждение политики Израиля,публичный призыв к уничтожению Израиля,публичный призыв к уничтожению Израиля
Выборы в Германии …,специальные.,тайные.,профессиональные.,зависят от пола.,тайные.
"Выборы в Германии выигрывает партия, которая …",получила больше всего голосов.,получила поддержку большинства мужчин.,получила большинство голосов от работников.,получила больше всего первых голосов за своего кандидата в канцлеры.,получила больше всего голосов.
Участие в демократических выборах в Германии — это …,обязанность.,право.,принуждение.,обуза.,право.
"Что означает ""активное избирательное право"" в Германии?",Человек может быть избран.,Человек обязан голосовать.,Человек имеет право голосовать.,Человек должен участвовать в подсчете голосов.,Человек имеет право голосовать.
"Если вы имеете право голосовать на выборах в Бундестаг в Германии, это называется …",активная избирательная кампания.,активная избирательная процедура.,активная предвыборная борьба.,активное избирательное право.,активное избирательное право.
"Сколько процентов вторых голосов должна набрать партия, чтобы пройти в Бундестаг Германии?",3%,4%,5%,6%,5%
Кто может стать членом одного из 40 еврейских спортивных клубов «Маккаби» в Германии?,только граждане Германии,только граждане Израиля,только религиозные люди,все люди,все люди
Выборы в Германии свободны. Что это означает?,Все осужденные за преступления не могут голосовать.,"Если я хочу голосовать, мой работодатель должен предоставить мне свободное время.","Каждый человек может без принуждения решать, хочет ли он голосовать и за кого.","Я могу свободно решать, где голосовать.","Каждый человек может без принуждения решать, хочет ли он голосовать и за кого."
Избирательная система в Германии — это …,цензовое избирательное право.,трехуровневая избирательная система.,мажоритарная и пропорциональная избирательная система.,всеобщее мужское избирательное право.,мажоритарная и пропорциональная избирательная система.
"Партия, которая хочет попасть в Бундестаг, должна набрать минимальное количество голосов. Это называется …",5%-барьер.,порог допуска.,базовое значение.,директива.,5%-барьер.
Какого принципа придерживаются выборы в Германии? Выборы в Германии …,"свободные, равные, тайные.","открытые, безопасные, свободные.","закрытые, равные, безопасные.","безопасные, открытые, добровольные.","свободные, равные, тайные."
"Что такое ""5%-барьер"" на выборах в Германии?",Правило голосования в Бундестаге для мелких партий,контроль явки в Бундестаге для голосований,"минимальный процент голосов, необходимый для прохождения в парламент",контроль явки в Бундесрате для голосований,"минимальный процент голосов, необходимый для прохождения в парламент"
Выборы в Бундестаг в Германии — это выборы …,федерального канцлера.,парламентов земель.,парламента Германии.,федерального президента.,парламента Германии.
"В демократической системе одна из функций регулярных выборов — это …","заставить граждан отдать свои голоса.","позволить смену правительства в соответствии с волей большинства избирателей.","сохранить существующие законы.","дать больше власти бедным.","позволить смену правительства в соответствии с волей большинства избирателей."
Что получают избиратели в Германии перед выборами?,уведомление о выборах от муниципалитета,разрешение на выборы от федерального президента,уведомление от Федерального собрания,уведомление от приходского совета,уведомление о выборах от муниципалитета
"Почему в избирательном законодательстве Германии существует ""5%-барьер""? Это сделано, чтобы …",программы мелких партий не были слишком схожи.,граждане не терялись при большом количестве мелких партий.,мелкие партии не усложняли формирование правительства.,мелкие партии не усложняли формирование правительства.
"Члены парламента, которых выбирают граждане, называются …",депутатами.,канцлерами.,послами.,министрами-президентами.,депутатами.
Кого выбирают в Германии на всеобщих выборах?,федерального канцлера,министра-президента федеральной земли,Бундестаг,федерального президента,Бундестаг
Какие бюллетени являются действительными на выборах в Бундестаг?,1,2,3,4,1
Кто такая/такой мэр в Германии?,руководитель школы.,руководитель банка.,глава муниципалитета.,председатель партии.,глава муниципалитета.
Многие люди в Германии работают добровольно в свободное время. Что это значит?,Они работают солдатами.,Они добровольно и без оплаты работают в объединениях и организациях.,Они работают в федеральном правительстве.,Они работают в больнице и получают за это деньги.,Они добровольно и без оплаты работают в объединениях и организациях.
Что разрешено на выборах в Бундестаг и в ландтаги в Германии?,Муж голосует за жену.,Голосование можно провести по почте.,Голосовать можно по телефону.,Дети с 14 лет имеют право голоса.,Голосование можно провести по почте.
"Ходят слухи, что автобусный маршрут, которым вы ездите на работу, могут отменить. Что вы можете сделать, чтобы сохранить маршрут?",Присоединиться к гражданской инициативе по сохранению маршрута или создать свою.,Вступить в спортивный клуб и начать тренироваться ездить на велосипеде.,"Обратиться в налоговую, так как я налогоплательщик и имею право на маршрут.","Написать письмо в лесничество.",Присоединиться к гражданской инициативе по сохранению маршрута или создать свою.
Кого представляют профсоюзы в Германии?,крупные компании,малый бизнес,самозанятых,работников,работников
В каком случае можно обратиться в трудовой суд в Германии?,при неправильных расчетах коммунальных услуг.,при несправедливом увольнении.,при проблемах с соседями.,при проблемах после ДТП.,при несправедливом увольнении.
Какой суд в Германии рассматривает споры на рабочем месте?,семейный суд,уголовный суд,трудовой суд,участковый суд,трудовой суд
"Что делать, если в Германии вас несправедливо уволили с работы?",продолжать работать и быть добрым к начальнику,подать претензию к работодателю,подать иск о защите от увольнения,пожаловаться на работодателя в полицию,подать иск о защите от увольнения
В каком случае в Германии начинается судебное разбирательство? Если кто-то …,перешел в другую религию.,совершил преступление и предъявлено обвинение.,"имеет мнение, отличное от правительства.","неправильно припарковал машину, и она была эвакуирована.",совершил преступление и предъявлено обвинение.
Что делает присяжный в Германии? Он/она …,принимает решение о виновности и наказании вместе с судьями.,консультирует граждан по правовым вопросам.,выдает документы.,защищает подсудимого.,принимает решение о виновности и наказании вместе с судьями.
Кто консультирует граждан по юридическим вопросам и представляет их в суде в Германии?,адвокат,судья,присяжный,прокурор,адвокат
Какова основная задача судьи в Германии? Судья …,представляет граждан в суде.,работает в суде и выносит приговоры.,изменяет законы.,сопровождает молодежь в суде.,работает в суде и выносит приговоры.
Судья в Германии относится к …,судебной власти.,исполнительной власти.,оперативной власти.,законодательной власти.,судебной власти.
Судья в Германии относится к …,исполняющей власти.,судебной власти.,планирующей власти.,законодательной власти.,судебной власти.
В Германии государственная власть разделена. Какой ветви власти принадлежит судья?,Судебной,исполнительной,прессе,законодательной,судебной
Как называется процесс в суде в Германии?,программа,процедура,протокол,процесс,процесс
Чем занимается судья в Германии?,управляет Германией,осуществляет правосудие,разрабатывает планы,принимает законы,осуществляет правосудие
Какая задача у полиции в Германии?,защищать страну,прослушивать граждан,принимать законы,следить за соблюдением законов,следить за соблюдением законов
Пример антисемитского поведения?,посещение еврейского праздника,критика израильского правительства,отрицание Холокоста,игра в футбол против евреев,отрицание Холокоста
Кто такой присяжный в суде Германии?,заместитель мэра.,добровольный судья.,член муниципального совета.,человек с юридическим образованием.,добровольный судья.
Кто построил Берлинскую стену?,Великобритания,ГДР,Федеративная Республика Германия,США,ГДР
Когда национал-социалисты во главе с Адольфом Гитлером были у власти в Германии?,1918-1923,1932-1950,1933-1945,1945-1989,1933-1945
Что произошло 8 мая 1945 года?,Смерть Адольфа Гитлера,Начало строительства Берлинской стены,Избрание Конрада Аденауэра канцлером,Окончание Второй мировой войны в Европе,Окончание Второй мировой войны в Европе
Когда закончилась Вторая мировая война?,1933,1945,1949,1961,1945
Когда национал-социалисты были у власти в Германии?,1888-1918,1921-1934,1933-1945,1949-1963,1933-1945
В каком году Гитлер стал рейхсканцлером?,1923,1927,1933,1936,1933
Национал-социалисты во главе с Гитлером в 1933 году установили в Германии …,диктатуру.,демократическое государство.,монархию.,княжество.,диктатуру.
"Что означает ""Третий Рейх""?",диктатура.,демократия.,монархия.,республиканская республика.,диктатура.
Чего не было в Германии в эпоху национал-социализма?,свободных выборов,цензуры прессы,произвольных арестов,преследования евреев,свободных выборов
Какая война длилась с 1939 по 1945 год?,Первая мировая война,Вторая мировая война,Вьетнамская война,Персидская война,Вторая мировая война
Что характеризует нацистское государство? Политика …,государственного расизма,свободы слова,религиозной свободы,развития демократии,государственного расизма
Чем стал известен Клаус фон Штауффенберг?,золотой медалью на Олимпийских играх 1936 года.,строительством Рейхстага.,созданием вермахта.,покушением на Гитлера 20 июля 1944 года.,покушением на Гитлера 20 июля 1944 года.
В каком году национал-социалисты разрушили синагоги и еврейские магазины в Германии?,1925,1930,1938,1945,1938
Что произошло 9 ноября 1938 года в Германии?,Начало Второй мировой войны с нападением на Польшу.,Национал-социалисты проиграли выборы и распустили Рейхстаг.,Еврейские магазины и синагоги были разрушены национал-социалистами и их сторонниками.,Гитлер стал президентом рейха и запретил все партии.,Еврейские магазины и синагоги были разрушены национал-социалистами и их сторонниками.
Кто был первым федеральным канцлером Федеративной Республики Германия?,Конрад Аденауэр,Курт Георг Кизингер,Хельмут Шмидт,Вилли Брандт,Конрад Аденауэр
"На каких демонстрациях в Германии люди кричали ""Мы — народ""?",на рабочих протестах 1953 года в ГДР,на демонстрациях 1968 года в ФРГ,на демонстрациях против атомной энергии 1985 года в ФРГ,на понедельничных демонстрациях 1989 года в ГДР,на понедельничных демонстрациях 1989 года в ГДР
"Какие страны назывались ""союзными оккупационными державами"" в Германии после Второй мировой войны?","СССР, Великобритания, Польша, Швеция","Франция, СССР, Италия, Япония","США, СССР, Испания, Португалия","США, СССР, Великобритания, Франция","США, СССР, Великобритания, Франция"
"Какая страна не была ""союзной оккупационной державой"" в Германии?",США,СССР,Франция,Япония,Япония
Когда была основана Федеративная Республика Германия?,1939,1945,1949,1951,1949
Что было в Германии во время национал-социализма?,запрет партий,право на свободное развитие личности,свобода прессы,защита человеческого достоинства,запрет партий
"Что означает социальная рыночная экономика? Экономика …",работает только по законам спроса и предложения.,"планируется и управляется государством, спрос и предложение не учитываются.",ориентируется на спрос за рубежом.,"работает по законам спроса и предложения, но государство обеспечивает социальный баланс.","работает по законам спроса и предложения, но государство обеспечивает социальный баланс."
В какой оккупационной зоне была создана ГДР?,в американской зоне,во французской зоне,в британской зоне,в советской зоне,в советской зоне
Федеративная Республика Германия является основателем …,НАТО.,ООН.,Европейского Союза.,Варшавского договора.,Европейского Союза.
Когда была основана ГДР?,1947,1949,1953,1956,1949
Сколько оккупационных зон было в Германии после Второй мировой войны?,3,4,5,6,4
Как были распределены оккупационные зоны Германии после 1945 года?,"1=Великобритания, 2=СССР, 3=Франция, 4=США","1=СССР, 2=Великобритания, 3=США, 4=Франция","1=Великобритания, 2=СССР, 3=США, 4=Франция","1=Великобритания, 2=США, 3=СССР, 4=Франция","1=Великобритания, 2=СССР, 3=США, 4=Франция"
Какой немецкий город после Второй мировой войны был разделен на четыре сектора?,Мюнхен,Берлин,Дрезден,Франкфурт-на-Одере,Берлин
С июня 1948 по май 1949 года жители Западного Берлина снабжались воздушным мостом. Что стало причиной этого?,Для Франции снабжение Западного Берлина по воздуху было дешевле.,Американские солдаты опасались нападений при транспортировке по земле.,Для Великобритании воздушный мост был быстрее.,СССР прервал все сухопутные сообщения.,СССР прервал все сухопутные сообщения.
Как официально закончилась Вторая мировая война в Европе?,смертью Адольфа Гитлера,безоговорочной капитуляцией Германии,выводом немцев из оккупированных территорий,революцией в Германии,безоговорочной капитуляцией Германии
Первым федеральным канцлером Федеративной Республики Германия был …,Людвиг Эрхард.,Вилли Брандт.,Конрад Аденауэр.,Герхард Шрёдер.,Конрад Аденауэр.
Что хотел выразить Вилли Брандт своим коленопреклонением в 1970 году в бывшем еврейском гетто в Варшаве?,Он подчинился бывшим союзникам.,Он просил прощения у Польши и польских евреев.,Он продемонстрировал свою покорность перед Варшавским договором.,Он молился на могиле неизвестного солдата.,Он просил прощения у Польши и польских евреев.
Как называется еврейский молитвенный дом?,базилика,мечеть,синагога,церковь,синагога
"Когда в Федеративной Республике Германия было ""экономическое чудо""?",40-е годы,50-е годы,70-е годы,80-е годы,50-е годы
На каком правовом основании был создан государство Израиль?,резолюция ООН,решение сионистского конгресса,предложение федерального правительства,предложение СССР,резолюция ООН
"Что означал термин ""Железный занавес""? Это изоляция …",стран Варшавского договора от Запада,Северной Германии от Южной Германии,нацистской Германии от союзников,Европы от США,стран Варшавского договора от Запада
"В 1953 году в ГДР был восстание, о котором в Федеративной Республике Германия долгое время напоминал праздник. Когда это было?",1 мая,17 июня,20 июля,9 ноября,17 июня
"Какое немецкое государство имело черно-красно-золотой флаг с молотом, циркулем и венком из колосьев?",Пруссия,Федеративная Республика Германия,Третий Рейх,ГДР,ГДР
В каком году была построена Берлинская стена?,1953,1956,1959,1961,1961
Когда ГДР построила Берлинскую стену?,1919,1933,1961,1990,1961
Что означает аббревиатура ГДР?,Третье немецкое радио,Немецкая Республика,Третья Немецкая Республика,Германская Демократическая Республика,Германская Демократическая Республика
Когда Берлинская стена была открыта для всех?,1987,1989,1992,1995,1989
Какая современная федеральная земля Германии раньше принадлежала территории ГДР?,Бранденбург,Бавария,Саар,Гессен,Бранденбург
С 1961 по 1989 год Берлин был …,без мэра.,отдельным государством.,разделен стеной.,доступен только по воздуху.,разделен стеной.
3 октября в Германии отмечается День …,единства.,нации.,федеральных земель.,городов.,единства.
Какая современная федеральная земля Германии раньше принадлежала территории ГДР?,Гессен,Саксония-Анхальт,Северный Рейн-Вестфалия,Саар,Саксония-Анхальт
"Почему осень 1989 года в ГДР называют ""переменами""? В это время ГДР изменилась политически …",из диктатуры в демократию.,из либеральной рыночной экономики в социализм.,из монархии в социал-демократию.,из религиозного государства в коммунистическое.,из диктатуры в демократию.
Какая современная федеральная земля Германии раньше принадлежала территории ГДР?,Тюрингия,Гессен,Бавария,Бремен,Тюрингия
Какая современная федеральная земля Германии раньше принадлежала территории ГДР?,Бавария,Нижняя Саксония,Саксония,Баден-Вюртемберг,Саксония
"Что в ГДР называли ""Штази""?",парламент.,Министерство государственной безопасности.,правящую партию.,Министерство народного образования.,Министерство государственной безопасности.
Какая современная федеральная земля Германии раньше принадлежала территории ГДР?,Гессен,Шлезвиг-Гольштейн,Мекленбург-Передняя Померания,Саар,Мекленбург-Передняя Померания
"Какой из перечисленных списков содержит только федеральные земли, которые входили в состав бывшей ГДР?","Нижняя Саксония, Северный Рейн-Вестфалия, Гессен, Шлезвиг-Гольштейн","Мекленбург-Передняя Померания, Бранденбург, Саксония, Саксония-Анхальт, Тюрингия","Бавария, Баден-Вюртемберг, Рейнланд-Пфальц, Тюрингия, Саксония","Саксония, Тюрингия, Гессен, Нижняя Саксония, Бранденбург","Мекленбург-Передняя Померания, Бранденбург, Саксония, Саксония-Анхальт, Тюрингия"
"К кому относилась ГДР в ""холодной войне""?",к западным державам,к Варшавскому договору,к НАТО,к нейтральным странам,к Варшавскому договору
Как называлась экономическая система ГДР?,рыночная экономика,плановая экономика,спрос и предложение,капитализм,плановая экономика
Как ФРГ и ГДР стали единым государством?,ФРГ оккупировала ГДР.,Пять восточных федеральных земель присоединились к ФРГ.,Западные федеральные земли присоединились к ГДР.,ФРГ оккупировала ГДР.,Пять восточных федеральных земель присоединились к ФРГ.
С присоединением ГДР к ФРГ новые федеральные земли стали частью …,Европейского Союза.,Варшавского договора.,ОПЕК.,Европейского оборонительного сообщества.,Европейского Союза.
О чем напоминают так называемые «Камни преткновения» в Германии?,о знаменитых немецких политиках,о жертвах национал-социализма,о погибших в авариях,о известных еврейских музыкантах,о жертвах национал-социализма
В каком военном блоке состояла ГДР?,в НАТО,в Рейнском союзе,в Варшавском договоре,в Европейском союзе,в Варшавском договоре
"Что такое ""Штази""?","служба безопасности в ""Третьем Рейхе""",знаменитый немецкий мемориал,служба безопасности ГДР,немецкий спортивный клуб во времена Второй мировой войны,служба безопасности ГДР
Каким было герб ГДР?,Изображение 1,Изображение 2,Изображение 3,Изображение 4,Изображение 4
Что произошло 17 июня 1953 года в ГДР?,торжественное присоединение к Варшавскому договору,общенациональные забастовки и восстание,первый съезд СЕПГ,первый визит Фиделя Кастро,общенациональные забастовки и восстание
"Какой политик ассоциируется с ""восточными договорами""?",Хельмут Коль,Вилли Брандт,Михаил Горбачев,Людвиг Эрхард,Вилли Брандт
Как Германия называется в полном названии?,Федеративное государство Германия,Федеративные земли Германии,Федеративная Республика Германия,Федеративный округ Германия,Федеративная Республика Германия
Сколько жителей в Германии?,70 миллионов,78 миллионов,84 миллиона,90 миллионов,84 миллиона
Какие цвета у флага Германии?,черный-красный-золотой,красный-белый-черный,черный-красный-зеленый,черный-желтый-красный,черный-красный-золотой
"Кого называют ""Канцлером немецкого единства""?",Герхард Шрёдер,Хельмут Коль,Конрад Аденауэр,Хельмут Шмидт,Хельмут Коль
Какой символ изображен в зале заседаний Бундестага?,федеральный орел,флаг города Берлина,рейхсадлер,имперская корона,федеральный орел
В какой период существовала ГДР?,1919-1927,1933-1945,1945-1961,1949-1990,1949-1990
Сколько федеральных земель добавилось в ФРГ в 1990 году при объединении?,4,5,6,7,5
Границы Германии в их современном виде существуют с …,1933,1949,1971,1990,1990
27 января в Германии — официальный день памяти. О чем напоминает эта дата?,о завершении Второй мировой войны,о принятии Основного закона,об объединении Германии,о жертвах национал-социализма (день освобождения концлагеря Аушвиц),о жертвах национал-социализма (день освобождения концлагеря Аушвиц)
Германия является членом Шенгенского соглашения. Что это означает?,Немцы могут путешествовать по многим странам Европы без паспортного контроля.,Все могут въезжать в Германию без контроля личности.,Немцы могут въезжать без паспорта в любую страну.,Немцы могут платить евро в любой стране.,Немцы могут путешествовать по многим странам Европы без паспортного контроля.
Какая страна является соседкой Германии?,Венгрия,Португалия,Испания,Швейцария,Швейцария
Какая страна является соседкой Германии?,Румыния,Болгария,Польша,Греция,Польша
Что означает аббревиатура ЕС?,Европейские компании,Европейский Союз,Единый Союз,Евро Союз,Европейский Союз
"В какой другой стране проживает большое количество людей, говорящих на немецком языке?",Чехия,Норвегия,Испания,Австрия,Австрия
Какой флаг является флагом Европейского Союза?,Изображение 1,Изображение 2,Изображение 3,Изображение 4,Изображение 2
Какая страна является соседкой Германии?,Финляндия,Дания,Норвегия,Швеция,Дания
Как называется присоединение ГДР к ФРГ в 1990 году?,расширение НАТО на восток,расширение ЕС на восток,объединение Германии,Европейское сообщество,объединение Германии
Какая страна является соседкой Германии?,Испания,Болгария,Норвегия,Люксембург,Люксембург
"Европейский парламент избирается регулярно, а именно каждые …",5 лет.,6 лет.,7 лет.,8 лет.,5 лет.
"Что означает термин ""европейская интеграция""?",Это означает американских иммигрантов в Европе.,Этот термин означает запрет на иммиграцию в Европу.,Это означает европейских эмигрантов в США.,Термин означает объединение европейских государств в ЕС.,Термин означает объединение европейских государств в ЕС.
Кого выбирают на выборах в Европейский парламент?,Европейскую комиссию,"государства, которые могут вступить в ЕС",депутатов Европейского парламента,европейскую конституцию,депутатов Европейского парламента
Какая страна является соседкой Германии?,Чехия,Болгария,Греция,Португалия,Чехия
Где находится одно из мест работы Европейского парламента?,Лондон,Париж,Берлин,Страсбург,Страсбург
"Тогдашний французский президент Франсуа Миттеран и тогдашний канцлер ФРГ Хельмут Коль почтили в Вердене память погибших в обеих мировых войнах. Какую цель ЕС демонстрирует эта встреча?",Дружбу между Англией и Германией,Свободу путешествий во все страны ЕС,Мир и безопасность в странах ЕС,Единые праздники в странах ЕС,Мир и безопасность в странах ЕС
Сколько членов ЕС на сегодняшний день?,21,23,25,27,27
"В 2007 году отмечалось 50-летие ""Римских договоров"". Каков был их смысл?",Вступление Германии в НАТО,Создание Европейского экономического сообщества (ЕЭС),Обязательство Германии по репарациям,Определение границы по линии Одер-Нейсе,Создание Европейского экономического сообщества (ЕЭС)
Где работают Европейский парламент?,"Париж, Лондон и Гаага","Страсбург, Люксембург и Брюссель","Рим, Берн и Вена","Бонн, Цюрих и Милан","Страсбург, Люксембург и Брюссель"
Какими договорами Федеративная Республика Германия присоединилась к Европейскому экономическому сообществу?,"по ""Гамбургским договорам""","по ""Римским договорам""","по ""Парижским договорам""","по ""Лондонским договорам""","по ""Римским договорам"""
С какого года в Германии используется евро в наличной форме?,1995,1998,2002,2005,2002
"Госпожа Зегер родила ребенка. Что она должна сделать, чтобы получить родительское пособие?",Написать в свою медицинскую страховую компанию.,Подать заявление в отдел по вопросам родительских пособий.,"Ничего, так как пособие выплачивается автоматически.",Обратиться в агентство по трудоустройству.,Подать заявление в отдел по вопросам родительских пособий.
"Кто решает, должен ли ребенок в Германии посещать детский сад?",государство,федеральные земли,родители/опекуны,школы,родители/опекуны
Майк и Сибилла хотят организовать демонстрацию в своем городе. Что им нужно сделать?,Зарегистрировать демонстрацию.,"Ничего, демонстрации можно проводить в любое время и в любом месте.","Ничего, демонстрации в Германии запрещены.","Майк и Сибилла должны создать новый клуб, так как только клубы имеют право на демонстрации.",Зарегистрировать демонстрацию.
"Какой школьный аттестат необходим для поступления в университет в Германии?",аттестат зрелости (Abitur),диплом,прокура,диплом ремесленника,аттестат зрелости (Abitur)
Кому в Германии запрещено жить в паре?,Гансу (20 лет) и Мари (19 лет),Тому (20 лет) и Клаусу (45 лет),Софи (35 лет) и Лизе (40 лет),Анне (13 лет) и Тиму (25 лет),Анне (13 лет) и Тиму (25 лет)
С какого возраста человек считается совершеннолетним в Германии?,16,18,19,21,18
Женщина беременна. Перед родами и после них она находится под особой защитой закона. Как называется эта защита?,родительский отпуск,защита материнства,подготовка к родам,послеродовой период,защита материнства
Воспитание детей в Германии — это прежде всего обязанность …,государства.,родителей.,бабушек и дедушек.,школ.,родителей.
Кто в Германии главным образом отвечает за воспитание детей?,государство,родители,родственники,школы,родители
"В Германии у человека больше шансов получить хорошо оплачиваемую работу, если он …",католик.,имеет хорошее образование.,женщина.,член партии.,имеет хорошее образование.
"Если человека ударили в Германии, …",это никого не касается.,это касается только семьи.,за это не могут наказать.,за это могут наказать.,за это могут наказать.
В Германии …,можно быть женатым только на одном человеке одновременно.,можно иметь нескольких супругов одновременно.,"нельзя повторно жениться, если уже был в браке.","женщина не может повторно выйти замуж, если ее муж умер.",можно быть женатым только на одном человеке одновременно.
"Куда нужно обращаться, если вы переезжаете в Германии?",в регистрационное ведомство,в загс,в отдел общественного порядка,в агентство по предпринимательству,в регистрационное ведомство
"В Германии супруги могут развестись. Обычно они должны соблюдать ""год раздельного проживания"". Что это значит?",Процесс развода длится год.,"Супруги должны быть женаты год, чтобы можно было развестись.",Право на посещение детей действует один год.,Супруги живут отдельно не менее года. После этого развод возможен.,Супруги живут отдельно не менее года. После этого развод возможен.
При проблемах с воспитанием детей родители в Германии могут обратиться за помощью в …,отдел общественного порядка.,школьный отдел.,молодежный отдел.,отдел здравоохранения.,молодежный отдел.
Супружеская пара хочет открыть ресторан в Германии. Что им обязательно нужно?,разрешение полиции,разрешение партии,разрешение регистрационного ведомства,разрешение на деятельность в сфере общественного питания от компетентного органа,разрешение на деятельность в сфере общественного питания от компетентного органа
Взрослая женщина хочет в Германии сдать экзамены на аттестат зрелости. Где она может это сделать?,в университете.,в вечерней гимназии.,в основной школе.,в частном университете.,в вечерней гимназии.
Что может сделать молодежный отдел в Германии?,"Решить, в какую школу пойдет ребенок.","Забрать ребенка, который подвергается насилию или недоеданию, из семьи.",Выплачивать родительские пособия.,"Следить за тем, посещает ли ребенок детский сад.","Забрать ребенка, который подвергается насилию или недоеданию, из семьи."
Центр профориентации (BIZ) при Федеральном агентстве по труду в Германии помогает с …,расчетом пенсий.,поиском мест для обучения.,заполнением налоговой декларации.,медицинским страхованием.,поиском мест для обучения.
В школе в Германии ребенок имеет …,право на неограниченное свободное время.,свободу выбора всех предметов.,право на оплату за обучение.,обязательную посещаемость.,обязательную посещаемость.
Мужчина хочет в 30 лет получить аттестат зрелости в Германии. Где он может это сделать?,в университете.,в вечерней гимназии.,в основной школе.,в частном университете.,в вечерней гимназии.
Что означает в Германии принцип равного обращения?,"Никто не может быть, например, дискриминирован по причине инвалидности.","Можно дискриминировать других, если есть достаточные личные основания.","Никто не может подать жалобу, если его дискриминировали.","Все обязаны ежегодно жертвовать деньги дискриминированным группам.","Никто не может быть, например, дискриминирован по причине инвалидности."
"В Германии подростки с 14 лет несут уголовную ответственность. Это значит: подростки, достигшие 14 лет, которые нарушают законы, …",наказываются.,рассматриваются как взрослые.,делят наказание с родителями.,не наказываются.,наказываются.
На каком празднике в Германии люди надевают маски и костюмы?,на Розенмонтаг,на первомайском празднике,на Октоберфесте,на Пятидесятнице,на Розенмонтаг
"Куда нужно обратиться, если вы хотите вступить в брак в Германии?",в регистрационное ведомство,в отдел общественного порядка,в агентство по трудоустройству,в загс,в загс
Когда в Германии начинается законная ночная тишина?,когда садится солнце,когда соседи ложатся спать,"в полночь",в 22:00,в 22:00
"Молодая женщина в Германии, 22 года, живет со своим партнером. Ее родители против этого, так как им не нравится партнер. Что они могут сделать?",Они должны уважать решение совершеннолетней дочери.,"Они имеют право вернуть дочь в родительский дом.",Они могут обратиться в полицию и заявить на дочь.,Они ищут другого партнера для дочери.,Они должны уважать решение совершеннолетней дочери.
"Молодая женщина хочет получить водительские права. Она боится экзамена, так как ее родной язык не немецкий. Что верно?","Она должна прожить в Германии минимум 10 лет, прежде чем сдавать на права.","Если она не знает немецкий, она не может получить права.","Она должна сдавать экзамен в стране, где говорят на ее языке.",Она может сдавать теоретический экзамен на своем родном языке. Есть более 10 языков на выбор.,Она может сдавать теоретический экзамен на своем родном языке. Есть более 10 языков на выбор.
В Германии дети в возрасте от трех лет до начала школьного обучения имеют право на …,ежемесячные карманные деньги.,место в спортивном клубе.,место в детском саду.,льготный пропуск на каникулы.,место в детском саду.
Народный университет в Германии — это учреждение …,для религиозного образования.,только для молодежи.,для дополнительного образования.,только для пенсионеров.,для дополнительного образования.
Что является традицией на Рождество в Германии?,прятать цветные яйца,украшать елку,надевать маски и костюмы,ставить тыквы перед дверью,украшать елку
Какая форма жизни не разрешена в Германии?,Мужчина и женщина разведены и живут с новыми партнерами.,Две женщины живут вместе.,Отец-одиночка живет с двумя детьми.,Мужчина состоит в браке с двумя женщинами одновременно.,Мужчина состоит в браке с двумя женщинами одновременно.
При проблемах с воспитанием детей вы обращаетесь в Германии …,к врачу.,в отдел здравоохранения.,в регистрационное ведомство.,в молодежный отдел.,в молодежный отдел.
"Вы намеренно вскрыли письмо, адресованное другому человеку в Германии. Какой закон вы нарушили?",право на тайну,тайну переписки,обязанность молчания,свободу слова,тайну переписки
Что необходимо для развода в Германии?,согласие родителей,медицинская справка,согласие детей,помощь адвоката,помощь адвоката
"Что вы должны сделать, если ваш контакт в немецком ведомстве обращается с вами грубо?",Ничего нельзя сделать.,Я должен смириться с этим.,Я угрожаю человеку.,Я могу подать жалобу руководителю ведомства.,Я могу подать жалобу руководителю ведомства.
"Женщина с двухлетним ребенком подает заявление о приеме на работу в Германии. Что может считаться дискриминацией? Ей не дают работу, потому что она …",не говорит по-английски.,запросила слишком высокую зарплату.,не имеет опыта работы.,мать.,мать.
"Мужчина на инвалидной коляске подает заявление на должность бухгалтера в Германии. Что может считаться дискриминацией? Ему отказывают в работе, потому что он …",находится в инвалидной коляске.,не имеет опыта.,запросил слишком высокую зарплату.,не говорит по-английски.,находится в инвалидной коляске.
"В большинстве жилых домов в Германии существует ""домашний порядок"". Что содержится в этом документе?",Правила пользования общественным транспортом.,Список всех арендаторов дома.,"Правила, которым должны следовать все жители.","Адрес ближайшего административного ведомства.","Правила, которым должны следовать все жители."
"Что вы должны сделать, если хотите оспорить неправильное налоговое уведомление в Германии?",Ничего.,Выбросить уведомление.,Подать возражение.,"Подождать, пока придет другое уведомление.",Подать возражение.
Два друга хотят пойти в общественный бассейн в Германии. Им отказывают из-за темного цвета кожи. Какое право нарушается в этой ситуации? Право на …,свободу слова,равное обращение,свободу собраний,свободу передвижения,равное обращение
"Какое общественное обязательство должны выполнять граждане Германии, если их об этом попросят?",Тренерство в клубе.,Работа в качестве выборного помощника.,Контроль в библиотеке.,Работа учителем.,Работа в качестве выборного помощника.
"Что вы делаете, если получаете неправильный счет от государственного ведомства в Германии?",Оставляю счет без внимания.,Подавляю возражение против ведомства.,Отправляю счет обратно в ведомство.,Иду с счетом в налоговую инспекцию.,Подавляю возражение против ведомства.
"Что нужно делать, если требования к работе постоянно меняются?","Неважно, что вы учите.","Взрослые должны продолжать учиться даже после завершения учебы.","Дети учат в школе все, что нужно для работы, после школы учиться больше не нужно.","Все должны раньше заканчивать работать, так как все меняется.","Взрослые должны продолжать учиться даже после завершения учебы."
Госпожа Фрост работает штатным сотрудником в офисе. Что она не обязана оплачивать из своей зарплаты?,подоходный налог,взносы в страхование по безработице,взносы в пенсионное и медицинское страхование,налог с оборота,налог с оборота
Какой орган в компании помогает работникам при проблемах с работодателем?,производственный совет,производственный инспектор,производственная группа,производственный менеджмент,производственный совет
Вы хотите прекратить трудовые отношения с фирмой в Германии. Что вам нужно учитывать?,зарплатные выплаты,рабочее время,срок уведомления,обязательное страхование,срок уведомления
На чем основана особая ответственность Германии перед Израилем?,на членстве в Европейском Союзе (ЕС),на национал-социалистических преступлениях против евреев,на основном законе ФРГ,на христианской традиции,на национал-социалистических преступлениях против евреев
"Мужчина с темным цветом кожи подает заявление на должность официанта в ресторане в Германии. Что может считаться дискриминацией? Ему отказывают, потому что он …",не говорит по-немецки.,запросил слишком высокую зарплату.,имеет темный цвет кожи.,не имеет опыта работы.,имеет темный цвет кожи.
"Вы купили телевизор в Германии. Дома вы его распаковываете, но он не работает. Телевизор сломан. Что вы можете сделать?",Написать объявление.,Рекламировать телевизор.,Самостоятельно обменять устройство.,Продлить гарантию.,Рекламировать телевизор.
"Почему в налоговой декларации в Германии нужно указывать принадлежность к церкви? Потому что …","существует церковный налог, который привязан к подоходному налогу.",это важно для статистики в Германии.,"нужно платить больше налогов, если не принадлежишь к церкви.","церковь отвечает за налоговую декларацию.","существует церковный налог, который привязан к подоходному налогу."
Люди в Германии живут по принципу религиозной толерантности. Что это значит?,Мечети строить нельзя.,Все верят в Бога.,"Каждый может верить во что хочет.","Государство решает, в какого Бога верить.","Каждый может верить во что хочет."
Какая традиция в Германии связана с Пасхой?,ставить тыквы перед дверью,украшать елку,раскрашивать яйца,запускать ракеты в воздух,раскрашивать яйца
Пятидесятница — это …,христианский праздник.,немецкий день памяти.,международный траурный день.,баварская традиция.,христианский праздник.
Какая религия оказала большое влияние на европейскую и немецкую культуру?,индуизм,христианство,буддизм,ислам,христианство
Как в Германии называют последние четыре недели перед Рождеством?,День покаяния.,Праздник урожая.,Адвент.,День всех святых.,Адвент.
Из какой страны в Германию приехало больше всего мигрантов?,Италия,Польша,Марокко,Турция,Турция
В ГДР проживало больше всего мигрантов из …,"Вьетнама, Польши, Мозамбика.","Франции, Румынии, Сомали.","Чили, Венгрии, Зимбабве.","Северной Кореи, Мексики, Египта.","Вьетнама, Польши, Мозамбика."
"Как назывались иностранные рабочие, приглашенные Федеративной Республикой Германии в 50-е и 60-е годы?",Нелегальные рабочие.,Гастарбайтеры.,Временные рабочие.,Посменные рабочие.,Гастарбайтеры.
Из какой страны прибыли первые гастарбайтеры в Федеративную Республику Германия?,Италия,Испания,Португалия,Турция,Италия